{
  "web/next.config.mjs": 1775499559.5854518,
  "web/next-env.d.ts": 1775233805.9751914,
  "web/tailwind.config.ts": 1775234359.0537314,
  "web/postcss.config.js": 1775232713.9196417,
  "web/eslint.config.mjs": 1776556580.463681,
  "web/app/layout.tsx": 1775232713.9199328,
  "web/app/page.tsx": 1776618285.0114233,
  "web/app/patients/page.tsx": 1776614530.4990854,
  "web/app/audit/page.tsx": 1776618792.2045803,
  "web/app/earnings/page.tsx": 1776633199.6055064,
  "web/app/inventory/page.tsx": 1776547015.8104925,
  "web/app/users/page.tsx": 1776547015.8100348,
  "web/app/history/page.tsx": 1776614566.6497512,
  "web/app/login/page.tsx": 1776556447.3025062,
  "web/app/billing/page.tsx": 1776616504.760977,
  "web/components/patient-card.tsx": 1776532877.199025,
  "web/components/add-patient-modal.tsx": 1776551537.616342,
  "web/components/settings-drawer.tsx": 1776615182.3708725,
  "web/components/settings-drawer-appointments-panel.tsx": 1775755341.0469139,
  "web/components/settings-drawer-inventory-panel.tsx": 1775496589.3486733,
  "web/components/settings-drawer-users-panel.tsx": 1775496620.7905824,
  "web/components/app-header.tsx": 1776556580.4626045,
  "web/components/consultation-drawer.tsx": 1776613557.309523,
  "web/components/settings-drawer-letter-panel.tsx": 1776534902.8587368,
  "web/components/patient-column.tsx": 1775497012.2689106,
  "web/components/patient-details-drawer.tsx": 1776618207.144788,
  "web/components/settings-drawer-billing-panel.tsx": 1776615104.2153547,
  "web/lib/recent-patients.ts": 1776614344.874802,
  "web/lib/api.ts": 1776617174.4676206,
  "web/lib/types.ts": 1776615045.610457,
  "web/lib/use-clinic-shell-page.ts": 1776615045.610885,
  "web/lib/auth.ts": 1776615812.2476275,
  "tests/test_app.py": 1776615087.4562576,
  "backend/app/auth.py": 1776616929.5452662,
  "backend/app/db.py": 1776615021.7190692,
  "backend/app/config.py": 1775410286.7462027,
  "backend/app/__init__.py": 1775232713.918423,
  "backend/app/schemas.py": 1776615008.2605407,
  "backend/app/main.py": 1776618823.5368404,
  "backend/app/services/pdf_service.py": 1776615040.3496687,
  "backend/app/services/__init__.py": 1775232713.918895,
  "backend/app/services/anthropic_service.py": 1775438027.1865244,
  "README.md": 1776550758.4811168,
  "backend/requirements.txt": 1775433231.588048
}