{
  "web/next.config.mjs": 1779488359.7618532,
  "web/next-env.d.ts": 1779489696.4135442,
  "web/tailwind.config.ts": 1775234359.0537314,
  "web/playwright.config.ts": 1777856491.7955358,
  "web/postcss.config.js": 1775232713.9196417,
  "web/eslint.config.mjs": 1777494266.9283283,
  "web/app/layout.tsx": 1777479071.0986352,
  "web/app/page.tsx": 1779490562.75804,
  "web/app/patients/page.tsx": 1779125135.8889737,
  "web/app/superuser/page.tsx": 1779481856.1399958,
  "web/app/audit/page.tsx": 1777501444.109789,
  "web/app/earnings/page.tsx": 1777480165.4684532,
  "web/app/inventory/page.tsx": 1777479331.2420838,
  "web/app/users/page.tsx": 1779484190.4927118,
  "web/app/history/page.tsx": 1779125135.9412057,
  "web/app/account/page.tsx": 1779485577.6358836,
  "web/app/case-study/page.tsx": 1777849665.946998,
  "web/app/login/page.tsx": 1779481392.8488617,
  "web/app/billing/page.tsx": 1777482983.4424224,
  "web/app/onboarding/specialty/page.tsx": 1777656170.3560407,
  "web/app/follow-up/page.tsx": 1777411529.2603595,
  "web/components/patient-card.tsx": 1777068668.3561974,
  "web/components/add-patient-modal.tsx": 1779489447.00111,
  "web/components/lazy-settings-drawer.tsx": 1777479189.1660821,
  "web/components/settings-drawer.tsx": 1779484111.7152438,
  "web/components/clinic-shell-provider.tsx": 1779485356.950204,
  "web/components/settings-drawer-appointments-panel.tsx": 1777397336.132783,
  "web/components/settings-drawer-inventory-panel.tsx": 1775496589.3486733,
  "web/components/settings-drawer-users-panel.tsx": 1779481393.0450315,
  "web/components/app-header.tsx": 1777678322.1357856,
  "web/components/consultation-drawer.tsx": 1779493811.2583172,
  "web/components/settings-drawer-letter-panel.tsx": 1779484066.0153937,
  "web/components/patient-column.tsx": 1777068694.2454057,
  "web/components/patient-details-drawer.tsx": 1779483274.9010916,
  "web/components/settings-drawer-billing-panel.tsx": 1779484072.533729,
  "web/components/setup/setup-step-modal.tsx": 1779490320.724286,
  "web/components/patient-chart/patient-timeline-panel.tsx": 1777835155.5746813,
  "web/components/patient-chart/patient-bio-data-panel.tsx": 1777835155.5544958,
  "web/components/patient-chart/patient-event-details-panel.tsx": 1779125204.4981346,
  "web/components/optometry/myopia-management-modal.tsx": 1779492084.9568474,
  "web/components/optometry/low-vision-modal.tsx": 1779492077.7883463,
  "web/components/optometry/optometry-modal-shell.tsx": 1779492062.4599848,
  "web/components/optometry/contact-lens-modal.tsx": 1779492067.9193246,
  "web/components/optometry/binocular-vision-modal.tsx": 1779492072.8795702,
  "web/components/optometry/myopia/myopia-management-modal.tsx": 1777834675.5678358,
  "web/components/optometry/myopia/historical-myopia-modal.tsx": 1777834675.5293326,
  "web/components/optometry/myopia/myopia-progression-chart.tsx": 1777849747.2549233,
  "web/lib/clinic-specialty.ts": 1779124991.5112674,
  "web/lib/myopia-reference.ts": 1777673653.1166277,
  "web/lib/setup-flow.ts": 1779489555.6556296,
  "web/lib/consultation-workspace.ts": 1779487285.801305,
  "web/lib/recent-patients.ts": 1776614344.874802,
  "web/lib/api.ts": 1779488723.2092009,
  "web/lib/types.ts": 1779483028.3983848,
  "web/lib/setup-checklist.ts": 1779483877.2287126,
  "web/lib/next-segment-explorer-stub.js": 1777483604.4474547,
  "web/lib/specialty.ts": 1779125015.5648177,
  "web/lib/use-clinic-shell-page.ts": 1779490556.9304276,
  "web/lib/auth.ts": 1779488723.1462655,
  "web/lib/optometry/consultation.ts": 1777834540.475295,
  "web/lib/optometry/myopia/shared.ts": 1777834675.4851105,
  "web/lib/optometry/myopia/chart.ts": 1777839614.0421827,
  "web/e2e/follow-up.spec.ts": 1777856491.9509566,
  "web/e2e/consultation.spec.ts": 1777860807.9523005,
  "web/e2e/login.spec.ts": 1779481393.1808546,
  "web/e2e/patient-chart.spec.ts": 1777860808.0007606,
  "web/e2e/queue.spec.ts": 1777859254.5266497,
  "web/e2e/onboarding.spec.ts": 1777859254.4855855,
  "web/e2e/case-study.spec.ts": 1777856491.9324458,
  "web/e2e/support/mock-clinic-api.ts": 1779125208.897291,
  "tests/test_contracts.py": 1777673835.475325,
  "tests/test_error_mapping.py": 1779486621.8454719,
  "tests/test_billing.py": 1779121639.0863006,
  "tests/test_ai_usage.py": 1777397416.2790375,
  "tests/conftest.py": 1776636130.1495953,
  "tests/test_exports.py": 1776636130.1501427,
  "tests/test_auth.py": 1777656214.758982,
  "tests/test_architecture.py": 1777476472.1001585,
  "tests/test_pdf_service.py": 1777482992.9720318,
  "tests/test_superuser.py": 1777485550.9689186,
  "tests/test_audit.py": 1777049904.3869376,
  "tests/test_case_study_specialty.py": 1779125280.0672617,
  "tests/test_appointments.py": 1777397688.6471715,
  "tests/test_followups.py": 1777502009.224172,
  "tests/test_patients.py": 1777501999.3941329,
  "tests/test_app.py": 1779483226.4023664,
  "tests/test_permissions.py": 1779121534.9525204,
  "tests/test_notes.py": 1779121558.810374,
  "tests/test_settings.py": 1777656214.723762,
  "tests/frontend/consultation-helpers.test.mjs": 1777839679.993128,
  "tests/frontend/consultation-workspace.test.mjs": 1779487285.9334953,
  "tests/frontend/myopia-chart-helpers.test.mjs": 1777839713.9373703,
  "tests/frontend/load-web-module.mjs": 1777839695.1905024,
  "tests/frontend/setup-flow.test.mjs": 1779489574.768617,
  "tests/frontend/auth-storage.test.mjs": 1779488723.2804983,
  "backend/app/auth.py": 1777839756.046364,
  "backend/app/exports.py": 1777839756.1296883,
  "backend/app/db.py": 1779124761.9260554,
  "backend/app/timeline.py": 1779124841.9040527,
  "backend/app/clinic_context.py": 1779124718.8696916,
  "backend/app/config.py": 1779486599.3906543,
  "backend/app/api_errors.py": 1779486453.7794166,
  "backend/app/__init__.py": 1775232713.918423,
  "backend/app/formatting.py": 1776635189.34551,
  "backend/app/schemas.py": 1777838759.789575,
  "backend/app/main.py": 1779486659.1348505,
  "backend/app/tasks/__init__.py": 1777128023.0433526,
  "backend/app/tasks/send_follow_up_reminders.py": 1777839755.7894976,
  "backend/app/repositories/superuser.py": 1777485272.3635926,
  "backend/app/repositories/audit.py": 1776636276.7448707,
  "backend/app/repositories/billing.py": 1777839779.6975667,
  "backend/app/repositories/specialty_tracks.py": 1779124746.787785,
  "backend/app/repositories/records.py": 1779124888.6367083,
  "backend/app/repositories/ai_usage.py": 1777055377.5955389,
  "backend/app/repositories/__init__.py": 1779124754.5494447,
  "backend/app/repositories/case_studies.py": 1777839779.6235626,
  "backend/app/repositories/patient_flow.py": 1777839779.5860732,
  "backend/app/repositories/auth_settings.py": 1779121438.7604692,
  "backend/app/repositories/base.py": 1777839779.4692402,
  "backend/app/repositories/myopia.py": 1777839756.0048945,
  "backend/app/schema_domains/billing.py": 1777838708.7160358,
  "backend/app/schema_domains/specialty.py": 1779124696.0443301,
  "backend/app/schema_domains/optometry.py": 1777838666.508609,
  "backend/app/schema_domains/documents.py": 1779483232.1469994,
  "backend/app/schema_domains/__init__.py": 1779124696.2067602,
  "backend/app/schema_domains/case_studies.py": 1779124696.152253,
  "backend/app/schema_domains/patients.py": 1779124888.572058,
  "backend/app/schema_domains/admin.py": 1777838751.0659602,
  "backend/app/schema_domains/common.py": 1779124695.9820907,
  "backend/app/schema_domains/auth_settings.py": 1779481392.7287598,
  "backend/app/routes/catalog.py": 1779486532.365082,
  "backend/app/routes/auth.py": 1779486532.2505767,
  "backend/app/routes/exports.py": 1779486532.478812,
  "backend/app/routes/public.py": 1779486576.8957767,
  "backend/app/routes/superuser.py": 1777839810.3988914,
  "backend/app/routes/audit.py": 1777839810.290581,
  "backend/app/routes/billing.py": 1779486532.3075,
  "backend/app/routes/users.py": 1779486577.0093484,
  "backend/app/routes/health.py": 1776637247.2070856,
  "backend/app/routes/appointments.py": 1779486532.1936817,